File,DER,JER,B3-Precision,B3-Recall,B3-F1,"GKT(ref, sys)","GKT(sys, ref)",H(ref|sys),H(sys|ref),MI,NMI
0_1_389723,22.696693818878774,23.486770222239365,0.684273509640973,0.7769342626916993,0.727665900440247,0.5945292499251896,0.49217032743560885,0.834537157247071,0.6113027592425271,0.6467373449429659,0.4737649447337834
0_39_123718,54.15534478338887,56.24714223521363,0.4649780057845063,0.5818311121392847,0.5168825253690648,0.2143751298212581,0.1902200752196913,1.2897587244526396,1.029005466167869,0.2820021191177609,0.19645203730239472
2_37_307944,36.720841300191196,44.847605224963715,0.5975659377525706,0.5952090978260252,0.5963851893139888,0.3841877712223701,0.39335555032601716,1.0255112986736044,1.0117678250317383,0.5522316994630807,0.3515482120651955
2_7_391340,12.527936683684976,17.704918308825135,0.7988556590090459,0.7991141385823642,0.7989848778905259,0.6426809321776333,0.6413433654391025,0.5893995072276772,0.5834420092224358,0.7113433601125451,0.5481313775582645
4_12_210211,9.896109281057797,9.14834793150338,0.8753640936526252,0.8792083174842912,0.8772819942698038,0.8157247919973716,0.8106050971341924,0.36728817683913034,0.36255060950966383,1.1990764146846367,0.7666758337577816
4_16_334189,17.57587158264359,16.944071377937213,0.7604445188777228,0.7913919267525542,0.7756096393761853,0.6634594829540853,0.6309554441341262,0.6569505471320839,0.5861022065978893,0.8876534197513244,0.5883315242474465
*** OVERALL ***,23.227481451363214,28.063142550113742,0.7140804851066258,0.7571153814725151,0.7349685125756824,0.7381310736791087,0.694126625705438,0.754643758888954,0.6534646038278829,3.2782011371303548,0.8232685836655265
