File,DER,JER,B3-Precision,B3-Recall,B3-F1,"GKT(ref, sys)","GKT(sys, ref)",H(ref|sys),H(sys|ref),MI,NMI
0_1_389723,24.358409199808342,24.3093007547619,0.6690104956441589,0.7784674255567152,0.7196004451417893,0.5926493014904914,0.4677303240568114,0.8559660833890896,0.6085530410525744,0.6256337953631848,0.4626624767644489
0_39_123718,55.16534221994361,56.75783480701034,0.45052799017613454,0.5264321723794139,0.4855314222142983,0.17653232989386872,0.16834932471049152,1.336992819757236,1.1583116637924538,0.23476802381316453,0.15865644969217274
2_37_307944,30.057361376673036,35.543458781362006,0.6528343221203502,0.660527224532558,0.656658243069011,0.4757685045408713,0.47671961844022914,0.9188651893103779,0.8860268761601009,0.6590206081578411,0.42207564848741613
2_7_391340,12.519735088474707,18.051003455577153,0.7912307981406637,0.8107022265238333,0.8008481751366718,0.6494254913459276,0.6278420077076596,0.6166267525853543,0.5303218280266935,0.6846108909521967,0.5444893385706464
4_12_210211,10.582571237704727,10.188841131192294,0.861483433816692,0.862493733678597,0.8619882877153565,0.7903671531901594,0.7887347173987651,0.4070327192560537,0.4076907112830604,1.154870509536222,0.7392438312356818
4_16_334189,18.978868823676947,19.841870151587884,0.7438041580499921,0.7528032185399469,0.7482766327388602,0.613710925182019,0.6052836622368042,0.7196378327498857,0.6974590220137149,0.8248213120498457,0.5379282385764723
*** OVERALL ***,23.621395185747485,27.4487181802486,0.7047938306513291,0.7428240024298478,0.7233093737978656,0.7231057030929627,0.6841561684068133,0.786316741474348,0.6915677564430363,3.2461042701650213,0.8146288025793179
