File,DER,JER,B3-Precision,B3-Recall,B3-F1,"GKT(ref, sys)","GKT(sys, ref)",H(ref|sys),H(sys|ref),MI,NMI
0_1_389723,21.995208433157643,23.22353912151547,0.6928579615725999,0.7652441692613821,0.7272542903651067,0.5842599365308124,0.5061814118094554,0.8220638502956925,0.6488659861557036,0.6598605225540966,0.47382140540781886
0_39_123718,64.30658805434504,64.84540263386381,0.4330738062870917,0.4578527435517479,0.44511869223071393,0.11010958480847542,0.14189978766405154,1.3549423234577749,1.2409132932022682,0.21676288895796642,0.14320851949620694
2_37_307944,29.985659655831736,35.64075624034426,0.6532359605086356,0.6649212665384803,0.6590268191039662,0.4794854765303477,0.4772746652478227,0.9155078442301556,0.8749258707592247,0.6622351539065303,0.4252403022233061
2_7_391340,15.037624818027107,20.553947423335487,0.7717547014991151,0.7599309770460094,0.7657972031273984,0.5820628165305028,0.5930201654623913,0.6499911945984261,0.6883874962214347,0.6507516727417957,0.49306787761937654
4_12_210211,9.230379396927047,9.247360474548344,0.877517933503731,0.8802898803425403,0.8789017213345813,0.8171361223429837,0.8131864179037276,0.36445965218573817,0.36224596879952825,1.1974151671915865,0.7671963324537199
4_16_334189,20.165537998495108,20.0395702422431,0.7336330138387909,0.7415321992573879,0.7375614573474021,0.5978166815697651,0.5895749576553379,0.7275909647900893,0.7122025519922622,0.8167229978497123,0.5315129089696946
*** OVERALL ***,25.00755374348606,28.925096022641743,0.703981968597498,0.7228129958659767,0.7132732150466063,0.7023377631840064,0.6832850653824118,0.7818825989602421,0.7303567576755912,3.2504113540897173,0.8112949902743438
