File,DER,JER,B3-Precision,B3-Recall,B3-F1,"GKT(ref, sys)","GKT(sys, ref)",H(ref|sys),H(sys|ref),MI,NMI
0_1_389723,61.8725443219933,65.48111150264711,0.39857911872354335,0.46632751858384336,0.42979994227429585,0.021177820935826912,0.032632243140345484,1.4358283948244746,1.2014439675938728,0.04544141959472283,0.03343655584576165
0_39_123718,73.855421686747,70.4974871934748,0.43347904842423024,0.44333112005055253,0.4383497339923669,0.10440548948755815,0.14244926666584837,1.3499983477199669,1.3294426080093686,0.2215951409426547,0.14193154778412306
2_37_307944,59.08504230603757,76.79769894534995,0.5248766323215032,0.8374697938411468,0.6453106443718079,0.613374536440477,0.28350025601899637,1.1189122813487113,0.4236224511558971,0.4582513450205271,0.3885636346950855
2_7_391340,50.417256156322395,65.31098992979133,0.4861670396058157,0.5241912683163888,0.5044636444444798,0.08793735260293846,0.08192265917162798,1.1359160452992692,1.0567310793813158,0.1608352814486194,0.12799902232804586
4_12_210211,33.25194075234387,42.97192842623147,0.6892637660566567,0.7026389829385297,0.6958871112339542,0.49780218590124997,0.52745864462162,0.7987044931838495,0.7577317368147268,0.7668600007522671,0.49636805444666954
4_16_334189,53.23007947829631,59.39603434320672,0.4912351553679891,0.498916640607179,0.49504610194231113,0.17980168230588947,0.21609721848935756,1.2348318307363932,1.2566744618040537,0.30951014966441326,0.1990131072034696
*** OVERALL ***,54.623485043476315,63.4092083901169,0.5040113881710264,0.5546381758109616,0.5281142437194349,0.5180662391891486,0.46935377153922564,1.1840443110034053,1.0643443986669634,2.8477750080117077,0.7170494262100181
